{
  "argspec": [
    "__global int*"
  ],
  "corpus_dir": "/home/cec/.cache/clgen/0.2.1/corpus/db160e3638cf02daa0cde17b260e3337c8f855ed",
  "discard_rate": 0.8275862068965517,
  "good_charcount": 15706,
  "model_dir": "/home/cec/.cache/clgen/0.2.1/model/6b72a391f274fb11544e843e6258368fa9c11942",
  "num_good_kernels": 165,
  "num_kernels": 957,
  "sampler_dir": "/home/cec/.cache/clgen/0.2.1/sampler/5bac6ed2d37b9bd3746c944baa39d9d7917d5fab",
  "total_charcount": 200919,
  "ugly_rate": 0.9937304075235109
}