{
  "argspec": [
    ""
  ],
  "corpus_dir": "/home/cec/.cache/clgen/0.2.1/corpus/db160e3638cf02daa0cde17b260e3337c8f855ed",
  "discard_rate": 0.9221949221949222,
  "good_charcount": 18968,
  "model_dir": "/home/cec/.cache/clgen/0.2.1/model/6b72a391f274fb11544e843e6258368fa9c11942",
  "num_good_kernels": 190,
  "num_kernels": 2442,
  "sampler_dir": "/home/cec/.cache/clgen/0.2.1/sampler/1feb5ddfec460c146e670ef864866271b50e6370",
  "total_charcount": 801790,
  "ugly_rate": 0.9959049959049959
}