{
  "argspec": [
    "const int",
    "__global int*",
    "__global int*"
  ],
  "corpus_dir": "/home/cec/.cache/clgen/0.2.1/corpus/db160e3638cf02daa0cde17b260e3337c8f855ed",
  "discard_rate": 0.9231188658669575,
  "good_charcount": 144235,
  "model_dir": "/home/cec/.cache/clgen/0.2.1/model/6b72a391f274fb11544e843e6258368fa9c11942",
  "num_good_kernels": 141,
  "num_kernels": 1834,
  "sampler_dir": "/home/cec/.cache/clgen/0.2.1/sampler/9423f8b6e0f8693e33f0d3b4be76c71c33b3b76f",
  "total_charcount": 5887814,
  "ugly_rate": 0.9983642311886587
}