{
  "argspec": [
    "__global float*",
    "__global float*",
    "__global float*"
  ],
  "corpus_dir": "/home/cec/.cache/clgen/0.2.1/corpus/db160e3638cf02daa0cde17b260e3337c8f855ed",
  "discard_rate": 0.7757296466973886,
  "good_charcount": 18914,
  "model_dir": "/home/cec/.cache/clgen/0.2.1/model/6b72a391f274fb11544e843e6258368fa9c11942",
  "num_good_kernels": 146,
  "num_kernels": 651,
  "sampler_dir": "/home/cec/.cache/clgen/0.2.1/sampler/be10e2bdff632d725bf85789747fabe67aec2203",
  "total_charcount": 209310,
  "ugly_rate": 0.9969278033794163
}