{
  "corpus_dir": "/home/cec/.cache/clgen/0.2.1/corpus/db160e3638cf02daa0cde17b260e3337c8f855ed",
  "discard_rate": 0.8813291139240507,
  "efficiency": 0.04327130242986832,
  "good_charcount": 23699,
  "model_dir": "/home/cec/.cache/clgen/0.2.1/model/7aa80d9776b8b9bfb6004906de577891bcdd89ff",
  "num_good_kernels": 150,
  "num_kernels": 1264,
  "sampler_dir": "/home/cec/.cache/clgen/0.2.1/sampler/30ce416582aa388be0b6b722eae759d9bf1d6e90",
  "sampling_time": 1267.4436104297638,
  "throughput": 18.69826776117019,
  "total_charcount": 547684,
  "training_time": 65346.09455752373,
  "ugly_rate": 0.9968354430379747
}