{
  "corpus_dir": "/home/cec/.cache/clgen/0.2.1/corpus/db160e3638cf02daa0cde17b260e3337c8f855ed",
  "discard_rate": 0.963302752293578,
  "efficiency": 0.010510886322667569,
  "good_charcount": 7895,
  "model_dir": "/home/cec/.cache/clgen/0.2.1/model/4d1c6b3be07beb1864d183d226a727f976f5e898",
  "num_good_kernels": 60,
  "num_kernels": 1635,
  "sampler_dir": "/home/cec/.cache/clgen/0.2.1/sampler/ac7b641b049302276db88443795f8a79a9c0c6a4",
  "sampling_time": 1652.114415884018,
  "throughput": 4.7787247203308985,
  "total_charcount": 751126,
  "training_time": 19837.166171073914,
  "ugly_rate": 0.9926605504587156
}