{
  "corpus_dir": "/home/cec/.cache/clgen/0.2.1/corpus/db160e3638cf02daa0cde17b260e3337c8f855ed",
  "discard_rate": 0.882940108892922,
  "efficiency": 0.03802696398152269,
  "good_charcount": 19823,
  "model_dir": "/home/cec/.cache/clgen/0.2.1/model/15b9cb60e8f6a36851170969cee06d01709e55f1",
  "num_good_kernels": 129,
  "num_kernels": 1102,
  "sampler_dir": "/home/cec/.cache/clgen/0.2.1/sampler/dbe76ebf67d398bf3ce1d833d83ff76b73b3d6a6",
  "sampling_time": 1458.2406311035156,
  "throughput": 13.593778404733554,
  "total_charcount": 521288,
  "training_time": 37979.56755185127,
  "ugly_rate": 0.9972776769509982
}