{
  "corpus_dir": "/home/cec/.cache/clgen/0.2.1/corpus/db160e3638cf02daa0cde17b260e3337c8f855ed",
  "discard_rate": 0.8962181178540017,
  "efficiency": 0.04164594673297045,
  "good_charcount": 18592,
  "model_dir": "/home/cec/.cache/clgen/0.2.1/model/89b4df716e7fd1bad7429dbf2d127066edf0fac2",
  "num_good_kernels": 118,
  "num_kernels": 1137,
  "sampler_dir": "/home/cec/.cache/clgen/0.2.1/sampler/f5287d0fbd00a5a3b6f5398fcbf9efe368b77c96",
  "sampling_time": 1261.698297739029,
  "throughput": 14.735693971622993,
  "total_charcount": 446430,
  "training_time": 28555.5575633049,
  "ugly_rate": 0.9982409850483729
}