{
  "corpus_dir": "/home/cec/.cache/clgen/0.2.1/corpus/db160e3638cf02daa0cde17b260e3337c8f855ed",
  "discard_rate": 0.9324494949494949,
  "efficiency": 0.024236162123328034,
  "good_charcount": 15012,
  "model_dir": "/home/cec/.cache/clgen/0.2.1/model/325fbccae6f7cc0bcb83ef9e71372aa3d6e9e9e6",
  "num_good_kernels": 107,
  "num_kernels": 1584,
  "sampler_dir": "/home/cec/.cache/clgen/0.2.1/sampler/c48dfdeb5f0c2b0987e8640facaf97cb2a7b94e0",
  "sampling_time": 1807.0892946720123,
  "throughput": 8.307281795238948,
  "total_charcount": 619405,
  "training_time": 26910.035685300827,
  "ugly_rate": 0.9943181818181818
}