{
  "corpus_dir": "/home/cec/.cache/clgen/0.2.1/corpus/db160e3638cf02daa0cde17b260e3337c8f855ed",
  "discard_rate": 0.8549127640036731,
  "efficiency": 0.07409356791697014,
  "good_charcount": 26043,
  "model_dir": "/home/cec/.cache/clgen/0.2.1/model/6b72a391f274fb11544e843e6258368fa9c11942",
  "num_good_kernels": 158,
  "num_kernels": 1089,
  "sampler_dir": "/home/cec/.cache/clgen/0.2.1/sampler/6cc6392ccf3829adad0f8e8c72cf4cc68b96da54",
  "sampling_time": 894.1317336559296,
  "throughput": 29.126580591782904,
  "total_charcount": 351488,
  "training_time": 27519.231457471848,
  "ugly_rate": 0.9917355371900827
}