{
  "corpus_dir": "/home/cec/.cache/clgen/0.2.1/corpus/db160e3638cf02daa0cde17b260e3337c8f855ed",
  "discard_rate": 0.8711194731890874,
  "efficiency": 0.05102667332348974,
  "good_charcount": 24018,
  "model_dir": "/home/cec/.cache/clgen/0.2.1/model/f80456851c58142c1162316d00f6b7f7c7342440",
  "num_good_kernels": 137,
  "num_kernels": 1063,
  "sampler_dir": "/home/cec/.cache/clgen/0.2.1/sampler/a6940926fe7fc4c0585533b64a4978b9aa951f8f",
  "sampling_time": 1493.7208597660065,
  "throughput": 16.079309492780634,
  "total_charcount": 470695,
  "training_time": 95184.88259029388,
  "ugly_rate": 0.9981185324553151
}