{
  "corpus_dir": "/home/cec/.cache/clgen/0.2.1/corpus/db160e3638cf02daa0cde17b260e3337c8f855ed",
  "discard_rate": 0.9900568181818182,
  "efficiency": 0.0014391995230318584,
  "good_charcount": 1388,
  "model_dir": "/home/cec/.cache/clgen/0.2.1/model/1283c76fcc9791150b33937b820962080e8200d3",
  "num_good_kernels": 14,
  "num_kernels": 1408,
  "sampler_dir": "/home/cec/.cache/clgen/0.2.1/sampler/493efc628540d97660565630777c54e654d1e53e",
  "sampling_time": 2199.2891340255737,
  "throughput": 0.6311130167134541,
  "total_charcount": 964425,
  "training_time": 1769.0691542625427,
  "ugly_rate": 0.9907670454545454
}