{
  "corpus_dir": "/home/cec/.cache/clgen/0.2.1/corpus/db160e3638cf02daa0cde17b260e3337c8f855ed",
  "discard_rate": 0.8778625954198473,
  "efficiency": 0.052379192223076576,
  "good_charcount": 26499,
  "model_dir": "/home/cec/.cache/clgen/0.2.1/model/247416d8a835258fde2d9b18ee2549f674aee9f4",
  "num_good_kernels": 192,
  "num_kernels": 1572,
  "sampler_dir": "/home/cec/.cache/clgen/0.2.1/sampler/11871c3057b4fb24988d816535c5ebfd411d27bf",
  "sampling_time": 1308.534823179245,
  "throughput": 20.250894000373215,
  "total_charcount": 505907,
  "training_time": 21686.39149403572,
  "ugly_rate": 0.9923664122137404
}